"ASV","ASV_full","Domain","Phylum","Class","Order","Family","Genus","Species"
"ASV001","d__Bacteria;p__Firmicutes;c__Bacilli;o__Lactobacillales;f__Enterococcaceae;g__Enterococcus;s__Enterococcus_faecalis","d__Bacteria","p__Firmicutes","c__Bacilli","o__Lactobacillales","f__Enterococcaceae","g__Enterococcus","s__Enterococcus_faecalis"
"ASV002","d__Bacteria;p__Firmicutes;c__Bacilli;o__Lactobacillales;f__Lactobacillaceae;g__Lactobacillus;s__uncultured_bacterium","d__Bacteria","p__Firmicutes","c__Bacilli","o__Lactobacillales","f__Lactobacillaceae","g__Lactobacillus","s__uncultured_bacterium"
"ASV003","d__Bacteria;p__Firmicutes;c__Bacilli;o__Erysipelotrichales;f__Erysipelotrichaceae;g__Turicibacter;s__uncultured_bacterium","d__Bacteria","p__Firmicutes","c__Bacilli","o__Erysipelotrichales","f__Erysipelotrichaceae","g__Turicibacter","s__uncultured_bacterium"
"ASV004","d__Bacteria;p__Verrucomicrobiota;c__Verrucomicrobiae;o__Verrucomicrobiales;f__Akkermansiaceae;g__Akkermansia;s__uncultured_bacterium","d__Bacteria","p__Verrucomicrobiota","c__Verrucomicrobiae","o__Verrucomicrobiales","f__Akkermansiaceae","g__Akkermansia","s__uncultured_bacterium"
"ASV005","d__Bacteria;p__Firmicutes;c__Clostridia;o__Clostridiales;f__Clostridiaceae;g__Clostridium_sensu_stricto_1;s__uncultured_bacterium","d__Bacteria","p__Firmicutes","c__Clostridia","o__Clostridiales","f__Clostridiaceae","g__Clostridium_sensu_stricto_1","s__uncultured_bacterium"
"ASV006","d__Bacteria;p__Firmicutes;c__Clostridia;o__Oscillospirales;f__Ruminococcaceae;g__UBA1819;s__uncultured_organism","d__Bacteria","p__Firmicutes","c__Clostridia","o__Oscillospirales","f__Ruminococcaceae","g__UBA1819","s__uncultured_organism"
"ASV007","d__Bacteria;p__Bacteroidota;c__Bacteroidia;o__Bacteroidales;f__Muribaculaceae;g__Muribaculum;s__uncultured_bacterium","d__Bacteria","p__Bacteroidota","c__Bacteroidia","o__Bacteroidales","f__Muribaculaceae","g__Muribaculum","s__uncultured_bacterium"
"ASV008","d__Bacteria;p__Actinobacteriota;c__Coriobacteriia;o__Coriobacteriales;f__Eggerthellaceae;g__Enterorhabdus;s__uncultured_bacterium","d__Bacteria","p__Actinobacteriota","c__Coriobacteriia","o__Coriobacteriales","f__Eggerthellaceae","g__Enterorhabdus","s__uncultured_bacterium"
"ASV009","d__Bacteria;p__Firmicutes;c__Clostridia;o__Lachnospirales;f__Lachnospiraceae;g__Roseburia;s__uncultured_bacterium","d__Bacteria","p__Firmicutes","c__Clostridia","o__Lachnospirales","f__Lachnospiraceae","g__Roseburia","s__uncultured_bacterium"
"ASV010","d__Bacteria;p__Firmicutes;c__Clostridia;o__Oscillospirales;f__Oscillospiraceae;g__Colidextribacter;s__uncultured_bacterium","d__Bacteria","p__Firmicutes","c__Clostridia","o__Oscillospirales","f__Oscillospiraceae","g__Colidextribacter","s__uncultured_bacterium"
"ASV011","d__Bacteria;p__Firmicutes;c__Clostridia;o__Peptostreptococcales-Tissierellales;f__Peptostreptococcaceae;g__Romboutsia;s__uncultured_bacterium","d__Bacteria","p__Firmicutes","c__Clostridia","o__Peptostreptococcales-Tissierellales","f__Peptostreptococcaceae","g__Romboutsia","s__uncultured_bacterium"
"ASV012","d__Bacteria;p__Firmicutes;c__Clostridia;o__Clostridia_vadinBB60_group;f__Clostridia_vadinBB60_group;g__Clostridia_vadinBB60_group;s__uncultured_bacterium","d__Bacteria","p__Firmicutes","c__Clostridia","o__Clostridia_vadinBB60_group","f__Clostridia_vadinBB60_group","g__Clostridia_vadinBB60_group","s__uncultured_bacterium"
"ASV013","d__Bacteria;p__Firmicutes;c__Clostridia;o__Lachnospirales;f__Lachnospiraceae;g__Lachnospiraceae_NK4A136_group;s__uncultured_bacterium","d__Bacteria","p__Firmicutes","c__Clostridia","o__Lachnospirales","f__Lachnospiraceae","g__Lachnospiraceae_NK4A136_group","s__uncultured_bacterium"
"ASV014","d__Bacteria;p__Actinobacteriota;c__Coriobacteriia;o__Coriobacteriales;f__Atopobiaceae;g__Coriobacteriaceae_UCG-002;s__uncultured_bacterium","d__Bacteria","p__Actinobacteriota","c__Coriobacteriia","o__Coriobacteriales","f__Atopobiaceae","g__Coriobacteriaceae_UCG-002","s__uncultured_bacterium"
"ASV015","d__Bacteria;p__Firmicutes;c__Bacilli;o__Erysipelotrichales;f__Erysipelatoclostridiaceae;__;__","d__Bacteria","p__Firmicutes","c__Bacilli","o__Erysipelotrichales","f__Erysipelatoclostridiaceae","__","__"
"ASV016","d__Bacteria;p__Firmicutes;c__Clostridia;o__Oscillospirales;f__Ruminococcaceae;g__Incertae_Sedis;s__uncultured_bacterium","d__Bacteria","p__Firmicutes","c__Clostridia","o__Oscillospirales","f__Ruminococcaceae","g__Incertae_Sedis","s__uncultured_bacterium"
"ASV017","d__Bacteria;p__Firmicutes;c__Clostridia;o__Oscillospirales;f__Ruminococcaceae;g__Ruminococcus;s__uncultured_bacterium","d__Bacteria","p__Firmicutes","c__Clostridia","o__Oscillospirales","f__Ruminococcaceae","g__Ruminococcus","s__uncultured_bacterium"
"ASV018","d__Bacteria;p__Firmicutes;c__Clostridia;o__Lachnospirales;f__Lachnospiraceae;g__uncultured;s__uncultured_bacterium","d__Bacteria","p__Firmicutes","c__Clostridia","o__Lachnospirales","f__Lachnospiraceae","g__uncultured","s__uncultured_bacterium"
"ASV019","d__Bacteria;p__Firmicutes;c__Bacilli;o__Erysipelotrichales;f__Erysipelatoclostridiaceae;g__Erysipelatoclostridium;s__uncultured_bacterium","d__Bacteria","p__Firmicutes","c__Bacilli","o__Erysipelotrichales","f__Erysipelatoclostridiaceae","g__Erysipelatoclostridium","s__uncultured_bacterium"
"ASV020","d__Bacteria;p__Firmicutes;c__Clostridia;o__Oscillospirales;f__Oscillospiraceae;g__uncultured;s__uncultured_bacterium","d__Bacteria","p__Firmicutes","c__Clostridia","o__Oscillospirales","f__Oscillospiraceae","g__uncultured","s__uncultured_bacterium"
"ASV021","d__Bacteria;p__Firmicutes;c__Clostridia;o__Lachnospirales;f__Lachnospiraceae;g__Lachnospiraceae_UCG-006;s__uncultured_bacterium","d__Bacteria","p__Firmicutes","c__Clostridia","o__Lachnospirales","f__Lachnospiraceae","g__Lachnospiraceae_UCG-006","s__uncultured_bacterium"
"ASV022","d__Bacteria;p__Proteobacteria;c__Gammaproteobacteria;o__Burkholderiales;f__Sutterellaceae;g__Parasutterella;s__uncultured_bacterium","d__Bacteria","p__Proteobacteria","c__Gammaproteobacteria","o__Burkholderiales","f__Sutterellaceae","g__Parasutterella","s__uncultured_bacterium"
"ASV023","d__Bacteria;p__Firmicutes;c__Clostridia;o__Oscillospirales;f__Ruminococcaceae;g__uncultured;s__uncultured_bacterium","d__Bacteria","p__Firmicutes","c__Clostridia","o__Oscillospirales","f__Ruminococcaceae","g__uncultured","s__uncultured_bacterium"
"ASV024","d__Bacteria;p__Firmicutes;c__Clostridia;o__Oscillospirales;f__Ruminococcaceae;g__Anaerotruncus;s__uncultured_bacterium","d__Bacteria","p__Firmicutes","c__Clostridia","o__Oscillospirales","f__Ruminococcaceae","g__Anaerotruncus","s__uncultured_bacterium"
"ASV025","d__Bacteria;p__Firmicutes;c__Bacilli;o__Acholeplasmatales;f__Acholeplasmataceae;g__Anaeroplasma;s__uncultured_bacterium","d__Bacteria","p__Firmicutes","c__Bacilli","o__Acholeplasmatales","f__Acholeplasmataceae","g__Anaeroplasma","s__uncultured_bacterium"
"ASV026","d__Bacteria;p__Firmicutes;c__Bacilli;o__Lactobacillales;f__Streptococcaceae;g__Lactococcus;s__Lactococcus_lactis","d__Bacteria","p__Firmicutes","c__Bacilli","o__Lactobacillales","f__Streptococcaceae","g__Lactococcus","s__Lactococcus_lactis"
"ASV027","d__Bacteria;p__Actinobacteriota;c__Coriobacteriia;o__Coriobacteriales;f__Eggerthellaceae;g__Adlercreutzia;__","d__Bacteria","p__Actinobacteriota","c__Coriobacteriia","o__Coriobacteriales","f__Eggerthellaceae","g__Adlercreutzia","__"
"ASV028","d__Bacteria;p__Firmicutes;c__Clostridia;o__Oscillospirales;f__Oscillospiraceae;g__Oscillibacter;s__uncultured_bacterium","d__Bacteria","p__Firmicutes","c__Clostridia","o__Oscillospirales","f__Oscillospiraceae","g__Oscillibacter","s__uncultured_bacterium"
"ASV029","d__Bacteria;p__Firmicutes;c__Clostridia;o__Oscillospirales;f__UCG-010;g__UCG-010;s__uncultured_bacterium","d__Bacteria","p__Firmicutes","c__Clostridia","o__Oscillospirales","f__UCG-010","g__UCG-010","s__uncultured_bacterium"
"ASV030","d__Bacteria;p__Firmicutes;c__Clostridia;o__Lachnospirales;f__Lachnospiraceae;g__[Eubacterium]_xylanophilum_group;s__uncultured_bacterium","d__Bacteria","p__Firmicutes","c__Clostridia","o__Lachnospirales","f__Lachnospiraceae","g__[Eubacterium]_xylanophilum_group","s__uncultured_bacterium"
"ASV031","d__Bacteria;p__Firmicutes;c__Bacilli;o__Staphylococcales;f__Staphylococcaceae;g__Staphylococcus;__","d__Bacteria","p__Firmicutes","c__Bacilli","o__Staphylococcales","f__Staphylococcaceae","g__Staphylococcus","__"
"ASV032","d__Bacteria;p__Firmicutes;c__Clostridia;o__Lachnospirales;f__Lachnospiraceae;g__Lachnoclostridium;s__uncultured_bacterium","d__Bacteria","p__Firmicutes","c__Clostridia","o__Lachnospirales","f__Lachnospiraceae","g__Lachnoclostridium","s__uncultured_bacterium"
"ASV033","d__Bacteria;p__Firmicutes;c__Clostridia;o__Oscillospirales;f__Ruminococcaceae;__;__","d__Bacteria","p__Firmicutes","c__Clostridia","o__Oscillospirales","f__Ruminococcaceae","__","__"
"ASV034","d__Bacteria;p__Firmicutes;c__Clostridia;o__Christensenellales;f__Christensenellaceae;g__uncultured;s__uncultured_bacterium","d__Bacteria","p__Firmicutes","c__Clostridia","o__Christensenellales","f__Christensenellaceae","g__uncultured","s__uncultured_bacterium"
"ASV035","d__Bacteria;p__Firmicutes;c__Clostridia;o__Lachnospirales;f__Lachnospiraceae;g__A2;s__uncultured_bacterium","d__Bacteria","p__Firmicutes","c__Clostridia","o__Lachnospirales","f__Lachnospiraceae","g__A2","s__uncultured_bacterium"
"ASV036","d__Bacteria;p__Firmicutes;c__Clostridia;o__Lachnospirales;f__Lachnospiraceae;g__Marvinbryantia;s__uncultured_bacterium","d__Bacteria","p__Firmicutes","c__Clostridia","o__Lachnospirales","f__Lachnospiraceae","g__Marvinbryantia","s__uncultured_bacterium"
"ASV037","d__Bacteria;p__Firmicutes;c__Clostridia;o__Lachnospirales;f__Lachnospiraceae;g__Blautia;s__uncultured_bacterium","d__Bacteria","p__Firmicutes","c__Clostridia","o__Lachnospirales","f__Lachnospiraceae","g__Blautia","s__uncultured_bacterium"
"ASV038","d__Bacteria;p__Firmicutes;c__Clostridia;o__Lachnospirales;f__Lachnospiraceae;g__Anaerostipes;s__uncultured_bacterium","d__Bacteria","p__Firmicutes","c__Clostridia","o__Lachnospirales","f__Lachnospiraceae","g__Anaerostipes","s__uncultured_bacterium"
"ASV039","d__Bacteria;p__Firmicutes;c__Clostridia;o__Oscillospirales;f__[Eubacterium]_coprostanoligenes_group;g__[Eubacterium]_coprostanoligenes_group;s__uncultured_bacterium","d__Bacteria","p__Firmicutes","c__Clostridia","o__Oscillospirales","f__[Eubacterium]_coprostanoligenes_group","g__[Eubacterium]_coprostanoligenes_group","s__uncultured_bacterium"
"ASV040","d__Bacteria;p__Firmicutes;c__Bacilli;o__Staphylococcales;f__Staphylococcaceae;g__Staphylococcus;s__uncultured_bacterium","d__Bacteria","p__Firmicutes","c__Bacilli","o__Staphylococcales","f__Staphylococcaceae","g__Staphylococcus","s__uncultured_bacterium"
"ASV041","d__Bacteria;p__Firmicutes;c__Clostridia;o__Oscillospirales;f__Butyricicoccaceae;g__Butyricicoccus;s__uncultured_bacterium","d__Bacteria","p__Firmicutes","c__Clostridia","o__Oscillospirales","f__Butyricicoccaceae","g__Butyricicoccus","s__uncultured_bacterium"
"ASV042","d__Bacteria;p__Firmicutes;c__Clostridia;o__Lachnospirales;f__Lachnospiraceae;g__GCA-900066575;s__uncultured_bacterium","d__Bacteria","p__Firmicutes","c__Clostridia","o__Lachnospirales","f__Lachnospiraceae","g__GCA-900066575","s__uncultured_bacterium"
"ASV043","d__Bacteria;p__Firmicutes;c__Clostridia;o__Peptostreptococcales-Tissierellales;f__Anaerovoracaceae;g__[Eubacterium]_nodatum_group;s__uncultured_bacterium","d__Bacteria","p__Firmicutes","c__Clostridia","o__Peptostreptococcales-Tissierellales","f__Anaerovoracaceae","g__[Eubacterium]_nodatum_group","s__uncultured_bacterium"
"ASV044","d__Bacteria;p__Firmicutes;c__Clostridia;o__Peptococcales;f__Peptococcaceae;g__uncultured;s__uncultured_bacterium","d__Bacteria","p__Firmicutes","c__Clostridia","o__Peptococcales","f__Peptococcaceae","g__uncultured","s__uncultured_bacterium"
"ASV045","d__Bacteria;p__Firmicutes;c__Clostridia;o__Lachnospirales;f__Lachnospiraceae;__;__","d__Bacteria","p__Firmicutes","c__Clostridia","o__Lachnospirales","f__Lachnospiraceae","__","__"
"ASV046","d__Bacteria;p__Firmicutes;c__Clostridia;o__Clostridia_UCG-014;f__Clostridia_UCG-014;g__Clostridia_UCG-014;s__uncultured_bacterium","d__Bacteria","p__Firmicutes","c__Clostridia","o__Clostridia_UCG-014","f__Clostridia_UCG-014","g__Clostridia_UCG-014","s__uncultured_bacterium"
"ASV047","d__Bacteria;p__Firmicutes;c__Clostridia;o__Lachnospirales;f__Lachnospiraceae;g__Anaerocolumna;s__uncultured_bacterium","d__Bacteria","p__Firmicutes","c__Clostridia","o__Lachnospirales","f__Lachnospiraceae","g__Anaerocolumna","s__uncultured_bacterium"
"ASV048","d__Bacteria;p__Firmicutes;c__Clostridia;o__Monoglobales;f__Monoglobaceae;g__Monoglobus;s__uncultured_bacterium","d__Bacteria","p__Firmicutes","c__Clostridia","o__Monoglobales","f__Monoglobaceae","g__Monoglobus","s__uncultured_bacterium"
"ASV049","d__Bacteria;p__Firmicutes;c__Bacilli;o__RF39;f__RF39;g__RF39;s__uncultured_bacterium","d__Bacteria","p__Firmicutes","c__Bacilli","o__RF39","f__RF39","g__RF39","s__uncultured_bacterium"
"ASV050","d__Bacteria;p__Firmicutes;c__Clostridia;o__Christensenellales;f__Christensenellaceae;g__Christensenellaceae_R-7_group;__","d__Bacteria","p__Firmicutes","c__Clostridia","o__Christensenellales","f__Christensenellaceae","g__Christensenellaceae_R-7_group","__"
"ASV051","d__Bacteria;p__Firmicutes;c__Clostridia;o__Oscillospirales;f__Ruminococcaceae;g__Anaerotruncus;__","d__Bacteria","p__Firmicutes","c__Clostridia","o__Oscillospirales","f__Ruminococcaceae","g__Anaerotruncus","__"
"ASV052","d__Bacteria;p__Firmicutes;c__Clostridia;o__Lachnospirales;f__Lachnospiraceae;g__[Eubacterium]_ventriosum_group;s__uncultured_bacterium","d__Bacteria","p__Firmicutes","c__Clostridia","o__Lachnospirales","f__Lachnospiraceae","g__[Eubacterium]_ventriosum_group","s__uncultured_bacterium"
"ASV053","d__Bacteria;p__Firmicutes;c__Bacilli;o__Lactobacillales;f__Enterococcaceae;g__Enterococcus;s__Enterococcus_durans","d__Bacteria","p__Firmicutes","c__Bacilli","o__Lactobacillales","f__Enterococcaceae","g__Enterococcus","s__Enterococcus_durans"
"ASV054","d__Bacteria;p__Firmicutes;c__Clostridia;o__Lachnospirales;f__Lachnospiraceae;g__Lachnoclostridium;s__Clostridium_sp.","d__Bacteria","p__Firmicutes","c__Clostridia","o__Lachnospirales","f__Lachnospiraceae","g__Lachnoclostridium","s__Clostridium_sp."
"ASV055","d__Bacteria;p__Firmicutes;c__Clostridia;o__Oscillospirales;f__Oscillospiraceae;g__UCG-003;s__uncultured_bacterium","d__Bacteria","p__Firmicutes","c__Clostridia","o__Oscillospirales","f__Oscillospiraceae","g__UCG-003","s__uncultured_bacterium"
"ASV056","d__Bacteria;p__Firmicutes;c__Clostridia;o__Oscillospirales;f__Oscillospiraceae;g__UCG-005;s__uncultured_bacterium","d__Bacteria","p__Firmicutes","c__Clostridia","o__Oscillospirales","f__Oscillospiraceae","g__UCG-005","s__uncultured_bacterium"
"ASV057","d__Bacteria;p__Bacteroidota;c__Bacteroidia;o__Bacteroidales;f__Rikenellaceae;g__Alistipes;s__uncultured_bacterium","d__Bacteria","p__Bacteroidota","c__Bacteroidia","o__Bacteroidales","f__Rikenellaceae","g__Alistipes","s__uncultured_bacterium"
"ASV058","d__Bacteria;p__Firmicutes;c__Clostridia;o__Peptostreptococcales-Tissierellales;f__Anaerovoracaceae;g__Family_XIII_AD3011_group;s__uncultured_bacterium","d__Bacteria","p__Firmicutes","c__Clostridia","o__Peptostreptococcales-Tissierellales","f__Anaerovoracaceae","g__Family_XIII_AD3011_group","s__uncultured_bacterium"
"ASV059","d__Bacteria;p__Firmicutes;c__Clostridia;o__Oscillospirales;f__Oscillospiraceae;g__NK4A214_group;s__uncultured_bacterium","d__Bacteria","p__Firmicutes","c__Clostridia","o__Oscillospirales","f__Oscillospiraceae","g__NK4A214_group","s__uncultured_bacterium"
"ASV060","d__Bacteria;p__Firmicutes;c__Clostridia;o__Oscillospirales;f__Ruminococcaceae;g__Incertae_Sedis;__","d__Bacteria","p__Firmicutes","c__Clostridia","o__Oscillospirales","f__Ruminococcaceae","g__Incertae_Sedis","__"
"ASV061","d__Bacteria;p__Firmicutes;c__Clostridia;o__Clostridia_UCG-014;f__Clostridia_UCG-014;g__Clostridia_UCG-014;__","d__Bacteria","p__Firmicutes","c__Clostridia","o__Clostridia_UCG-014","f__Clostridia_UCG-014","g__Clostridia_UCG-014","__"
"ASV062","d__Bacteria;p__Firmicutes;c__Clostridia;o__Lachnospirales;f__Lachnospiraceae;g__uncultured;__","d__Bacteria","p__Firmicutes","c__Clostridia","o__Lachnospirales","f__Lachnospiraceae","g__uncultured","__"
"ASV063","d__Bacteria;p__Firmicutes;c__Bacilli;o__Erysipelotrichales;f__Erysipelotrichaceae;g__uncultured;s__uncultured_bacterium","d__Bacteria","p__Firmicutes","c__Bacilli","o__Erysipelotrichales","f__Erysipelotrichaceae","g__uncultured","s__uncultured_bacterium"
"ASV064","d__Bacteria;p__Firmicutes;c__Clostridia;o__Oscillospirales;f__Ruminococcaceae;g__[Eubacterium]_siraeum_group;s__uncultured_bacterium","d__Bacteria","p__Firmicutes","c__Clostridia","o__Oscillospirales","f__Ruminococcaceae","g__[Eubacterium]_siraeum_group","s__uncultured_bacterium"
"ASV065","d__Bacteria;p__Firmicutes;c__Clostridia;o__Lachnospirales;f__Lachnospiraceae;g__Tuzzerella;s__uncultured_bacterium","d__Bacteria","p__Firmicutes","c__Clostridia","o__Lachnospirales","f__Lachnospiraceae","g__Tuzzerella","s__uncultured_bacterium"
"ASV066","d__Bacteria;p__Firmicutes;c__Clostridia;o__Lachnospirales;f__Lachnospiraceae;g__Lachnospiraceae_NK4B4_group;s__uncultured_bacterium","d__Bacteria","p__Firmicutes","c__Clostridia","o__Lachnospirales","f__Lachnospiraceae","g__Lachnospiraceae_NK4B4_group","s__uncultured_bacterium"
"ASV067","d__Bacteria;p__Firmicutes;c__Clostridia;o__Lachnospirales;f__Lachnospiraceae;g__Lachnospiraceae_UCG-001;s__uncultured_bacterium","d__Bacteria","p__Firmicutes","c__Clostridia","o__Lachnospirales","f__Lachnospiraceae","g__Lachnospiraceae_UCG-001","s__uncultured_bacterium"
"ASV068","d__Bacteria;p__Firmicutes;c__Clostridia;o__Peptostreptococcales-Tissierellales;f__Anaerovoracaceae;g__[Eubacterium]_brachy_group;s__uncultured_bacterium","d__Bacteria","p__Firmicutes","c__Clostridia","o__Peptostreptococcales-Tissierellales","f__Anaerovoracaceae","g__[Eubacterium]_brachy_group","s__uncultured_bacterium"
"ASV069","d__Bacteria;p__Firmicutes;c__Bacilli;o__RF39;f__RF39;g__RF39;__","d__Bacteria","p__Firmicutes","c__Bacilli","o__RF39","f__RF39","g__RF39","__"
"ASV070","d__Bacteria;p__Firmicutes;c__Clostridia;o__Lachnospirales;f__Lachnospiraceae;g__Roseburia;__","d__Bacteria","p__Firmicutes","c__Clostridia","o__Lachnospirales","f__Lachnospiraceae","g__Roseburia","__"
"ASV071","d__Bacteria;p__Firmicutes;c__Clostridia;o__Lachnospirales;f__Lachnospiraceae;g__Lachnoclostridium;__","d__Bacteria","p__Firmicutes","c__Clostridia","o__Lachnospirales","f__Lachnospiraceae","g__Lachnoclostridium","__"
"ASV072","d__Bacteria;p__Firmicutes;c__Clostridia;o__Lachnospirales;f__Lachnospiraceae;g__Lachnospiraceae_FCS020_group;s__uncultured_bacterium","d__Bacteria","p__Firmicutes","c__Clostridia","o__Lachnospirales","f__Lachnospiraceae","g__Lachnospiraceae_FCS020_group","s__uncultured_bacterium"
"ASV073","d__Bacteria;p__Firmicutes;c__Clostridia;o__Christensenellales;f__Christensenellaceae;g__Christensenellaceae_R-7_group;s__uncultured_bacterium","d__Bacteria","p__Firmicutes","c__Clostridia","o__Christensenellales","f__Christensenellaceae","g__Christensenellaceae_R-7_group","s__uncultured_bacterium"
"ASV074","d__Bacteria;p__Firmicutes;c__Desulfitobacteriia;o__Desulfitobacteriales;f__Desulfitobacteriaceae;g__Desulfitobacterium;s__Desulfitobacterium_hafniense","d__Bacteria","p__Firmicutes","c__Desulfitobacteriia","o__Desulfitobacteriales","f__Desulfitobacteriaceae","g__Desulfitobacterium","s__Desulfitobacterium_hafniense"
"ASV075","d__Bacteria;p__Firmicutes;c__Clostridia;o__Oscillospirales;f__Ruminococcaceae;g__Ruminococcaceae;s__uncultured_bacterium","d__Bacteria","p__Firmicutes","c__Clostridia","o__Oscillospirales","f__Ruminococcaceae","g__Ruminococcaceae","s__uncultured_bacterium"
"ASV076","d__Bacteria;p__Firmicutes;c__Clostridia;o__Peptostreptococcales-Tissierellales;f__Peptostreptococcales-Tissierellales;g__Anaerosalibacter;__","d__Bacteria","p__Firmicutes","c__Clostridia","o__Peptostreptococcales-Tissierellales","f__Peptostreptococcales-Tissierellales","g__Anaerosalibacter","__"
"ASV077","d__Bacteria;p__Firmicutes;c__Clostridia;o__Lachnospirales;f__Lachnospiraceae;g__Tyzzerella;__","d__Bacteria","p__Firmicutes","c__Clostridia","o__Lachnospirales","f__Lachnospiraceae","g__Tyzzerella","__"
"ASV078","d__Bacteria;p__Firmicutes;c__Bacilli;o__Lactobacillales;f__Enterococcaceae;g__Enterococcus;__","d__Bacteria","p__Firmicutes","c__Bacilli","o__Lactobacillales","f__Enterococcaceae","g__Enterococcus","__"
"ASV079","d__Bacteria;p__Firmicutes;c__Clostridia;__;__;__;__","d__Bacteria","p__Firmicutes","c__Clostridia","__","__","__","__"
"ASV080","d__Bacteria;p__Firmicutes;c__Clostridia;o__Oscillospirales;f__Butyricicoccaceae;g__UCG-009;s__uncultured_bacterium","d__Bacteria","p__Firmicutes","c__Clostridia","o__Oscillospirales","f__Butyricicoccaceae","g__UCG-009","s__uncultured_bacterium"
"ASV081","d__Bacteria;p__Firmicutes;c__Bacilli;o__Lactobacillales;f__Lactobacillaceae;g__Lactobacillus;s__Lactobacillus_johnsonii","d__Bacteria","p__Firmicutes","c__Bacilli","o__Lactobacillales","f__Lactobacillaceae","g__Lactobacillus","s__Lactobacillus_johnsonii"
"ASV082","d__Bacteria;p__Firmicutes;c__Clostridia;o__Lachnospirales;f__Lachnospiraceae;g__Tyzzerella;s__uncultured_bacterium","d__Bacteria","p__Firmicutes","c__Clostridia","o__Lachnospirales","f__Lachnospiraceae","g__Tyzzerella","s__uncultured_bacterium"
"ASV083","d__Bacteria;p__Firmicutes;c__Clostridia;o__Peptostreptococcales-Tissierellales;f__Anaerovoracaceae;g__Anaerovorax;s__uncultured_bacterium","d__Bacteria","p__Firmicutes","c__Clostridia","o__Peptostreptococcales-Tissierellales","f__Anaerovoracaceae","g__Anaerovorax","s__uncultured_bacterium"
"ASV084","d__Bacteria;p__Firmicutes;c__Clostridia;o__Lachnospirales;f__Lachnospiraceae;g__ASF356;s__uncultured_bacterium","d__Bacteria","p__Firmicutes","c__Clostridia","o__Lachnospirales","f__Lachnospiraceae","g__ASF356","s__uncultured_bacterium"
"ASV085","d__Bacteria;p__Firmicutes;c__Clostridia;o__Lachnospirales;f__Lachnospiraceae;g__Coprococcus;s__uncultured_bacterium","d__Bacteria","p__Firmicutes","c__Clostridia","o__Lachnospirales","f__Lachnospiraceae","g__Coprococcus","s__uncultured_bacterium"
"ASV086","d__Bacteria;p__Firmicutes;c__Clostridia;o__Oscillospirales;f__Ruminococcaceae;g__Paludicola;s__uncultured_bacterium","d__Bacteria","p__Firmicutes","c__Clostridia","o__Oscillospirales","f__Ruminococcaceae","g__Paludicola","s__uncultured_bacterium"
"ASV087","d__Bacteria;p__Firmicutes;c__Clostridia;o__Peptostreptococcales-Tissierellales;f__Anaerovoracaceae;__;__","d__Bacteria","p__Firmicutes","c__Clostridia","o__Peptostreptococcales-Tissierellales","f__Anaerovoracaceae","__","__"
"ASV088","d__Bacteria;p__Firmicutes;c__Bacilli;o__Paenibacillales;f__Paenibacillaceae;g__Paenibacillus;__","d__Bacteria","p__Firmicutes","c__Bacilli","o__Paenibacillales","f__Paenibacillaceae","g__Paenibacillus","__"
"ASV089","d__Bacteria;p__Firmicutes;c__Clostridia;o__Lachnospirales;f__Lachnospiraceae;g__Lachnospiraceae_UCG-004;s__uncultured_bacterium","d__Bacteria","p__Firmicutes","c__Clostridia","o__Lachnospirales","f__Lachnospiraceae","g__Lachnospiraceae_UCG-004","s__uncultured_bacterium"
"ASV090","d__Bacteria;p__Firmicutes;c__Clostridia;o__Eubacteriales;f__Anaerofustaceae;g__Anaerofustis;__","d__Bacteria","p__Firmicutes","c__Clostridia","o__Eubacteriales","f__Anaerofustaceae","g__Anaerofustis","__"
"ASV091","d__Bacteria;p__Firmicutes;c__Clostridia;o__Oscillospirales;f__[Clostridium]_methylpentosum_group;g__[Clostridium]_methylpentosum_group;__","d__Bacteria","p__Firmicutes","c__Clostridia","o__Oscillospirales","f__[Clostridium]_methylpentosum_group","g__[Clostridium]_methylpentosum_group","__"
"ASV092","d__Bacteria;p__Firmicutes;c__Clostridia;o__Peptostreptococcales-Tissierellales;f__Anaerovoracaceae;g__Family_XIII_UCG-001;s__uncultured_bacterium","d__Bacteria","p__Firmicutes","c__Clostridia","o__Peptostreptococcales-Tissierellales","f__Anaerovoracaceae","g__Family_XIII_UCG-001","s__uncultured_bacterium"
"ASV093","d__Bacteria;p__Firmicutes;c__Clostridia;o__Clostridia_UCG-014;f__Clostridia_UCG-014;g__Clostridia_UCG-014;s__uncultured_rumen","d__Bacteria","p__Firmicutes","c__Clostridia","o__Clostridia_UCG-014","f__Clostridia_UCG-014","g__Clostridia_UCG-014","s__uncultured_rumen"
"ASV094","d__Bacteria;p__Proteobacteria;c__Alphaproteobacteria;o__Rhizobiales;f__Beijerinckiaceae;g__Methylobacterium-Methylorubrum;__","d__Bacteria","p__Proteobacteria","c__Alphaproteobacteria","o__Rhizobiales","f__Beijerinckiaceae","g__Methylobacterium-Methylorubrum","__"
"ASV095","d__Bacteria;p__Firmicutes;c__Clostridia;o__Oscillospirales;f__Ruminococcaceae;g__UBA1819;__","d__Bacteria","p__Firmicutes","c__Clostridia","o__Oscillospirales","f__Ruminococcaceae","g__UBA1819","__"
"ASV096","d__Bacteria;p__Firmicutes;c__Bacilli;o__Lactobacillales;f__Enterococcaceae;g__Enterococcus;s__Enterococcus_faecium","d__Bacteria","p__Firmicutes","c__Bacilli","o__Lactobacillales","f__Enterococcaceae","g__Enterococcus","s__Enterococcus_faecium"
"ASV097","d__Bacteria;p__Firmicutes;c__Clostridia;o__Oscillospirales;f__Oscillospiraceae;__;__","d__Bacteria","p__Firmicutes","c__Clostridia","o__Oscillospirales","f__Oscillospiraceae","__","__"
"ASV098","d__Bacteria;p__Firmicutes;c__Clostridia;o__Lachnospirales;f__Lachnospiraceae;g__Acetatifactor;s__uncultured_bacterium","d__Bacteria","p__Firmicutes","c__Clostridia","o__Lachnospirales","f__Lachnospiraceae","g__Acetatifactor","s__uncultured_bacterium"
"ASV099","d__Bacteria;p__Firmicutes;c__Clostridia;o__Lachnospirales;f__Lachnospiraceae;g__Acetitomaculum;s__uncultured_bacterium","d__Bacteria","p__Firmicutes","c__Clostridia","o__Lachnospirales","f__Lachnospiraceae","g__Acetitomaculum","s__uncultured_bacterium"
"ASV100","d__Bacteria;p__Proteobacteria;c__Alphaproteobacteria;o__Rhizobiales;f__Beijerinckiaceae;g__Methylobacterium-Methylorubrum;s__uncultured_bacterium","d__Bacteria","p__Proteobacteria","c__Alphaproteobacteria","o__Rhizobiales","f__Beijerinckiaceae","g__Methylobacterium-Methylorubrum","s__uncultured_bacterium"
"ASV101","d__Bacteria;p__Proteobacteria;c__Alphaproteobacteria;o__Rhizobiales;f__Xanthobacteraceae;g__Rhodopseudomonas;__","d__Bacteria","p__Proteobacteria","c__Alphaproteobacteria","o__Rhizobiales","f__Xanthobacteraceae","g__Rhodopseudomonas","__"
"ASV102","d__Bacteria;p__Firmicutes;c__Clostridia;o__Oscillospirales;f__Ruminococcaceae;g__DTU089;__","d__Bacteria","p__Firmicutes","c__Clostridia","o__Oscillospirales","f__Ruminococcaceae","g__DTU089","__"
"ASV103","d__Bacteria;p__Firmicutes;c__Clostridia;o__Lachnospirales;f__Lachnospiraceae;g__Lachnospiraceae_NK4A136_group;__","d__Bacteria","p__Firmicutes","c__Clostridia","o__Lachnospirales","f__Lachnospiraceae","g__Lachnospiraceae_NK4A136_group","__"
"ASV104","d__Bacteria;p__Firmicutes;c__Clostridia;o__Oscillospirales;__;__;__","d__Bacteria","p__Firmicutes","c__Clostridia","o__Oscillospirales","__","__","__"
"ASV105","d__Bacteria;p__Firmicutes;c__Clostridia;o__Peptococcales;f__Peptococcaceae;g__Peptococcus;s__uncultured_organism","d__Bacteria","p__Firmicutes","c__Clostridia","o__Peptococcales","f__Peptococcaceae","g__Peptococcus","s__uncultured_organism"
"ASV106","d__Bacteria;p__Firmicutes;c__Bacilli;o__RF39;f__RF39;g__RF39;s__uncultured_rumen","d__Bacteria","p__Firmicutes","c__Bacilli","o__RF39","f__RF39","g__RF39","s__uncultured_rumen"
"ASV107","d__Bacteria;p__Actinobacteriota;c__Actinobacteria;o__Corynebacteriales;f__Corynebacteriaceae;g__Corynebacterium;__","d__Bacteria","p__Actinobacteriota","c__Actinobacteria","o__Corynebacteriales","f__Corynebacteriaceae","g__Corynebacterium","__"
"ASV108","d__Bacteria;p__Firmicutes;c__Bacilli;o__Lactobacillales;f__Streptococcaceae;g__Streptococcus;s__uncultured_bacterium","d__Bacteria","p__Firmicutes","c__Bacilli","o__Lactobacillales","f__Streptococcaceae","g__Streptococcus","s__uncultured_bacterium"
"ASV109","d__Bacteria;p__Firmicutes;c__Clostridia;o__Clostridiales;f__Clostridiaceae;g__Clostridium_sensu_stricto_15;s__Clostridium_cochlearium","d__Bacteria","p__Firmicutes","c__Clostridia","o__Clostridiales","f__Clostridiaceae","g__Clostridium_sensu_stricto_15","s__Clostridium_cochlearium"
"ASV110","d__Bacteria;p__Actinobacteriota;c__Actinobacteria;o__Micromonosporales;f__Micromonosporaceae;__;__","d__Bacteria","p__Actinobacteriota","c__Actinobacteria","o__Micromonosporales","f__Micromonosporaceae","__","__"
"ASV111","d__Bacteria;p__Proteobacteria;c__Alphaproteobacteria;o__Rickettsiales;f__Mitochondria;g__Mitochondria;s__Triticum_aestivum","d__Bacteria","p__Proteobacteria","c__Alphaproteobacteria","o__Rickettsiales","f__Mitochondria","g__Mitochondria","s__Triticum_aestivum"
"ASV112","d__Bacteria;p__Firmicutes;c__Bacilli;o__Lactobacillales;f__Lactobacillaceae;g__Pediococcus;s__Pediococcus_damnosus","d__Bacteria","p__Firmicutes","c__Bacilli","o__Lactobacillales","f__Lactobacillaceae","g__Pediococcus","s__Pediococcus_damnosus"
"ASV113","d__Bacteria;p__Firmicutes;c__Clostridia;o__Monoglobales;f__Monoglobaceae;g__Monoglobus;__","d__Bacteria","p__Firmicutes","c__Clostridia","o__Monoglobales","f__Monoglobaceae","g__Monoglobus","__"
"ASV114","d__Bacteria;p__Cyanobacteria;c__Cyanobacteriia;o__Chloroplast;f__Chloroplast;g__Chloroplast;__","d__Bacteria","p__Cyanobacteria","c__Cyanobacteriia","o__Chloroplast","f__Chloroplast","g__Chloroplast","__"
"ASV115","d__Bacteria;p__Firmicutes;c__Clostridia;o__Oscillospirales;f__Ruminococcaceae;g__uncultured;__","d__Bacteria","p__Firmicutes","c__Clostridia","o__Oscillospirales","f__Ruminococcaceae","g__uncultured","__"
"ASV116","d__Bacteria;p__Firmicutes;c__Clostridia;o__Oscillospirales;f__Oscillospiraceae;g__Oscillibacter;__","d__Bacteria","p__Firmicutes","c__Clostridia","o__Oscillospirales","f__Oscillospiraceae","g__Oscillibacter","__"
"ASV117","d__Bacteria;p__Firmicutes;c__Limnochordia;o__Limnochordia;f__Limnochordia;g__Hydrogenispora;s__uncultured_bacterium","d__Bacteria","p__Firmicutes","c__Limnochordia","o__Limnochordia","f__Limnochordia","g__Hydrogenispora","s__uncultured_bacterium"
"ASV118","Unassigned;__;__;__;__;__;__","Unassigned","__","__","__","__","__","__"
"ASV119","d__Bacteria;p__Firmicutes;c__Bacilli;o__Bacillales;f__Bacillaceae;g__Bacillus;s__Bacillus_lentus","d__Bacteria","p__Firmicutes","c__Bacilli","o__Bacillales","f__Bacillaceae","g__Bacillus","s__Bacillus_lentus"
"ASV120","d__Bacteria;p__Proteobacteria;c__Alphaproteobacteria;o__Sphingomonadales;f__Sphingomonadaceae;g__Sphingobium;s__Sphingomonas_sp.","d__Bacteria","p__Proteobacteria","c__Alphaproteobacteria","o__Sphingomonadales","f__Sphingomonadaceae","g__Sphingobium","s__Sphingomonas_sp."
"ASV121","d__Bacteria;p__Firmicutes;c__Bacilli;o__Lactobacillales;f__Lactobacillaceae;g__Lactobacillus;__","d__Bacteria","p__Firmicutes","c__Bacilli","o__Lactobacillales","f__Lactobacillaceae","g__Lactobacillus","__"
"ASV122","d__Bacteria;p__Firmicutes;c__Bacilli;o__Staphylococcales;f__Staphylococcaceae;g__Jeotgalicoccus;__","d__Bacteria","p__Firmicutes","c__Bacilli","o__Staphylococcales","f__Staphylococcaceae","g__Jeotgalicoccus","__"
"ASV123","d__Bacteria;p__Firmicutes;c__Clostridia;o__Clostridia_vadinBB60_group;f__Clostridia_vadinBB60_group;g__Clostridia_vadinBB60_group;__","d__Bacteria","p__Firmicutes","c__Clostridia","o__Clostridia_vadinBB60_group","f__Clostridia_vadinBB60_group","g__Clostridia_vadinBB60_group","__"
"ASV124","d__Bacteria;p__Firmicutes;c__Clostridia;o__Lachnospirales;f__Lachnospiraceae;g__Anaerocolumna;__","d__Bacteria","p__Firmicutes","c__Clostridia","o__Lachnospirales","f__Lachnospiraceae","g__Anaerocolumna","__"
"ASV125","d__Bacteria;p__Proteobacteria;c__Gammaproteobacteria;o__Burkholderiales;f__Comamonadaceae;g__Delftia;__","d__Bacteria","p__Proteobacteria","c__Gammaproteobacteria","o__Burkholderiales","f__Comamonadaceae","g__Delftia","__"
"ASV126","d__Bacteria;p__Actinobacteriota;c__Actinobacteria;o__Micrococcales;f__Microbacteriaceae;g__Curtobacterium;__","d__Bacteria","p__Actinobacteriota","c__Actinobacteria","o__Micrococcales","f__Microbacteriaceae","g__Curtobacterium","__"
"ASV127","d__Bacteria;p__Actinobacteriota;c__Actinobacteria;o__Streptomycetales;f__Streptomycetaceae;g__Streptomyces;s__Streptomyces_sp.","d__Bacteria","p__Actinobacteriota","c__Actinobacteria","o__Streptomycetales","f__Streptomycetaceae","g__Streptomyces","s__Streptomyces_sp."
"ASV128","d__Bacteria;p__Firmicutes;c__Clostridia;o__Clostridiales;f__Clostridiaceae;g__Clostridium_sensu_stricto_3;__","d__Bacteria","p__Firmicutes","c__Clostridia","o__Clostridiales","f__Clostridiaceae","g__Clostridium_sensu_stricto_3","__"
"ASV129","d__Bacteria;p__Firmicutes;c__Bacilli;o__Bacillales;f__Bacillaceae;g__Bacillus;__","d__Bacteria","p__Firmicutes","c__Bacilli","o__Bacillales","f__Bacillaceae","g__Bacillus","__"
"ASV130","d__Bacteria;p__Firmicutes;c__Bacilli;o__Bacillales;f__Bacillaceae;g__Pseudogracilibacillus;__","d__Bacteria","p__Firmicutes","c__Bacilli","o__Bacillales","f__Bacillaceae","g__Pseudogracilibacillus","__"
"ASV131","d__Bacteria;p__Firmicutes;c__Bacilli;o__Thermoactinomycetales;f__Thermoactinomycetaceae;g__Novibacillus;__","d__Bacteria","p__Firmicutes","c__Bacilli","o__Thermoactinomycetales","f__Thermoactinomycetaceae","g__Novibacillus","__"
"ASV132","d__Bacteria;p__Actinobacteriota;c__Actinobacteria;o__Micrococcales;f__Microbacteriaceae;__;__","d__Bacteria","p__Actinobacteriota","c__Actinobacteria","o__Micrococcales","f__Microbacteriaceae","__","__"
"ASV133","d__Bacteria;p__Proteobacteria;c__Gammaproteobacteria;o__Aeromonadales;f__Aeromonadaceae;g__Aeromonas;__","d__Bacteria","p__Proteobacteria","c__Gammaproteobacteria","o__Aeromonadales","f__Aeromonadaceae","g__Aeromonas","__"
"ASV134","d__Bacteria;p__Firmicutes;c__Clostridia;o__Peptococcales;f__Peptococcaceae;g__uncultured;__","d__Bacteria","p__Firmicutes","c__Clostridia","o__Peptococcales","f__Peptococcaceae","g__uncultured","__"
"ASV135","d__Bacteria;p__Proteobacteria;c__Alphaproteobacteria;o__Rhizobiales;f__Xanthobacteraceae;g__Bradyrhizobium;s__Bradyrhizobium_sp.","d__Bacteria","p__Proteobacteria","c__Alphaproteobacteria","o__Rhizobiales","f__Xanthobacteraceae","g__Bradyrhizobium","s__Bradyrhizobium_sp."
"ASV136","d__Bacteria;p__Firmicutes;c__Bacilli;o__Staphylococcales;f__Staphylococcaceae;g__Staphylococcus;s__Staphylococcus_succinus","d__Bacteria","p__Firmicutes","c__Bacilli","o__Staphylococcales","f__Staphylococcaceae","g__Staphylococcus","s__Staphylococcus_succinus"
"ASV137","d__Bacteria;p__Actinobacteriota;c__Actinobacteria;o__Corynebacteriales;f__Mycobacteriaceae;g__Mycobacterium;s__Mycobacterium_avium","d__Bacteria","p__Actinobacteriota","c__Actinobacteria","o__Corynebacteriales","f__Mycobacteriaceae","g__Mycobacterium","s__Mycobacterium_avium"
"ASV138","d__Bacteria;p__Proteobacteria;c__Gammaproteobacteria;o__Pseudomonadales;f__Pseudomonadaceae;g__Pseudomonas;__","d__Bacteria","p__Proteobacteria","c__Gammaproteobacteria","o__Pseudomonadales","f__Pseudomonadaceae","g__Pseudomonas","__"
"ASV139","d__Bacteria;p__Firmicutes;c__Negativicutes;o__Veillonellales-Selenomonadales;f__Sporomusaceae;g__Sporomusa;__","d__Bacteria","p__Firmicutes","c__Negativicutes","o__Veillonellales-Selenomonadales","f__Sporomusaceae","g__Sporomusa","__"
"ASV140","d__Bacteria;p__Proteobacteria;c__Alphaproteobacteria;o__Sphingomonadales;f__Sphingomonadaceae;g__Sphingomonas;__","d__Bacteria","p__Proteobacteria","c__Alphaproteobacteria","o__Sphingomonadales","f__Sphingomonadaceae","g__Sphingomonas","__"
"ASV141","d__Bacteria;p__Firmicutes;c__Clostridia;o__Peptostreptococcales-Tissierellales;f__Peptostreptococcaceae;g__Paeniclostridium;__","d__Bacteria","p__Firmicutes","c__Clostridia","o__Peptostreptococcales-Tissierellales","f__Peptostreptococcaceae","g__Paeniclostridium","__"
"ASV142","d__Bacteria;p__Firmicutes;c__Clostridia;o__Peptococcales;f__Peptococcaceae;g__Peptococcus;__","d__Bacteria","p__Firmicutes","c__Clostridia","o__Peptococcales","f__Peptococcaceae","g__Peptococcus","__"
"ASV143","d__Bacteria;p__Proteobacteria;c__Gammaproteobacteria;o__Pseudomonadales;f__Pseudomonadaceae;g__Pseudomonas;s__Pseudomonas_aeruginosa","d__Bacteria","p__Proteobacteria","c__Gammaproteobacteria","o__Pseudomonadales","f__Pseudomonadaceae","g__Pseudomonas","s__Pseudomonas_aeruginosa"
"ASV144","d__Bacteria;p__Proteobacteria;c__Gammaproteobacteria;o__Gammaproteobacteria_Incertae_Sedis;f__Unknown_Family;g__Candidatus_Ovatusbacter;s__uncultured_bacterium","d__Bacteria","p__Proteobacteria","c__Gammaproteobacteria","o__Gammaproteobacteria_Incertae_Sedis","f__Unknown_Family","g__Candidatus_Ovatusbacter","s__uncultured_bacterium"
"ASV145","d__Bacteria;p__Firmicutes;c__Negativicutes;o__Veillonellales-Selenomonadales;f__uncultured;g__uncultured;s__uncultured_bacterium","d__Bacteria","p__Firmicutes","c__Negativicutes","o__Veillonellales-Selenomonadales","f__uncultured","g__uncultured","s__uncultured_bacterium"
"ASV146","d__Bacteria;p__Proteobacteria;c__Gammaproteobacteria;o__Pseudomonadales;f__Moraxellaceae;g__Acinetobacter;__","d__Bacteria","p__Proteobacteria","c__Gammaproteobacteria","o__Pseudomonadales","f__Moraxellaceae","g__Acinetobacter","__"
"ASV147","d__Bacteria;p__Proteobacteria;c__Alphaproteobacteria;o__Sphingomonadales;f__Sphingomonadaceae;g__Sphingobium;__","d__Bacteria","p__Proteobacteria","c__Alphaproteobacteria","o__Sphingomonadales","f__Sphingomonadaceae","g__Sphingobium","__"
"ASV148","d__Bacteria;p__Firmicutes;c__Clostridia;o__Lachnospirales;f__Lachnospiraceae;g__Lachnospiraceae_UCG-009;s__uncultured_bacterium","d__Bacteria","p__Firmicutes","c__Clostridia","o__Lachnospirales","f__Lachnospiraceae","g__Lachnospiraceae_UCG-009","s__uncultured_bacterium"
"ASV149","d__Bacteria;p__Firmicutes;c__Clostridia;o__Oscillospirales;f__Ruminococcaceae;g__Candidatus_Soleaferrea;s__uncultured_bacterium","d__Bacteria","p__Firmicutes","c__Clostridia","o__Oscillospirales","f__Ruminococcaceae","g__Candidatus_Soleaferrea","s__uncultured_bacterium"
"ASV150","d__Bacteria;p__Proteobacteria;c__Alphaproteobacteria;o__Rhizobiales;f__Rhizobiaceae;g__Allorhizobium-Neorhizobium-Pararhizobium-Rhizobium;s__uncultured_bacterium","d__Bacteria","p__Proteobacteria","c__Alphaproteobacteria","o__Rhizobiales","f__Rhizobiaceae","g__Allorhizobium-Neorhizobium-Pararhizobium-Rhizobium","s__uncultured_bacterium"
"ASV151","d__Bacteria;p__Firmicutes;c__Bacilli;o__Bacillales;f__Bacillaceae;__;__","d__Bacteria","p__Firmicutes","c__Bacilli","o__Bacillales","f__Bacillaceae","__","__"
"ASV152","d__Bacteria;p__Firmicutes;c__Clostridia;o__Peptostreptococcales-Tissierellales;f__Peptostreptococcaceae;g__Romboutsia;__","d__Bacteria","p__Firmicutes","c__Clostridia","o__Peptostreptococcales-Tissierellales","f__Peptostreptococcaceae","g__Romboutsia","__"
"ASV153","d__Bacteria;p__Actinobacteriota;c__Coriobacteriia;o__Coriobacteriales;f__Eggerthellaceae;g__Enterorhabdus;__","d__Bacteria","p__Actinobacteriota","c__Coriobacteriia","o__Coriobacteriales","f__Eggerthellaceae","g__Enterorhabdus","__"
"ASV154","d__Bacteria;p__Firmicutes;c__Clostridia;o__Caldicoprobacterales;f__Caldicoprobacteraceae;g__Caldicoprobacter;__","d__Bacteria","p__Firmicutes","c__Clostridia","o__Caldicoprobacterales","f__Caldicoprobacteraceae","g__Caldicoprobacter","__"
"ASV155","d__Bacteria;p__Firmicutes;c__Moorellia;o__Desulfitibacterales;f__Desulfitibacteraceae;g__Desulfitibacter;s__uncultured_bacterium","d__Bacteria","p__Firmicutes","c__Moorellia","o__Desulfitibacterales","f__Desulfitibacteraceae","g__Desulfitibacter","s__uncultured_bacterium"
"ASV156","d__Bacteria;p__Proteobacteria;c__Gammaproteobacteria;o__Pseudomonadales;f__Moraxellaceae;g__Enhydrobacter;s__uncultured_bacterium","d__Bacteria","p__Proteobacteria","c__Gammaproteobacteria","o__Pseudomonadales","f__Moraxellaceae","g__Enhydrobacter","s__uncultured_bacterium"
"ASV157","d__Bacteria;p__Proteobacteria;c__Alphaproteobacteria;o__Rhizobiales;f__Beijerinckiaceae;g__Methylobacterium-Methylorubrum;s__Methylobacterium_sp.","d__Bacteria","p__Proteobacteria","c__Alphaproteobacteria","o__Rhizobiales","f__Beijerinckiaceae","g__Methylobacterium-Methylorubrum","s__Methylobacterium_sp."
"ASV158","d__Bacteria;p__Proteobacteria;c__Alphaproteobacteria;o__Sphingomonadales;f__Sphingomonadaceae;g__Novosphingobium;__","d__Bacteria","p__Proteobacteria","c__Alphaproteobacteria","o__Sphingomonadales","f__Sphingomonadaceae","g__Novosphingobium","__"
"ASV159","d__Bacteria;p__Firmicutes;c__Clostridia;o__Peptostreptococcales-Tissierellales;f__Peptostreptococcales-Tissierellales;g__Tepidimicrobium;__","d__Bacteria","p__Firmicutes","c__Clostridia","o__Peptostreptococcales-Tissierellales","f__Peptostreptococcales-Tissierellales","g__Tepidimicrobium","__"
"ASV160","d__Bacteria;p__Actinobacteriota;c__Actinobacteria;o__Pseudonocardiales;f__Pseudonocardiaceae;g__Saccharopolyspora;__","d__Bacteria","p__Actinobacteriota","c__Actinobacteria","o__Pseudonocardiales","f__Pseudonocardiaceae","g__Saccharopolyspora","__"
"ASV161","d__Bacteria;p__Firmicutes;c__Clostridia;o__Oscillospirales;f__Ethanoligenenaceae;g__Ethanoligenens;__","d__Bacteria","p__Firmicutes","c__Clostridia","o__Oscillospirales","f__Ethanoligenenaceae","g__Ethanoligenens","__"
"ASV162","d__Bacteria;p__Proteobacteria;c__Gammaproteobacteria;o__Pseudomonadales;f__Moraxellaceae;g__Psychrobacter;s__Psychrobacter_sp.","d__Bacteria","p__Proteobacteria","c__Gammaproteobacteria","o__Pseudomonadales","f__Moraxellaceae","g__Psychrobacter","s__Psychrobacter_sp."
"ASV163","d__Bacteria;p__Firmicutes;c__Clostridia;o__Clostridia;f__Hungateiclostridiaceae;g__Ruminiclostridium;s__uncultured_bacterium","d__Bacteria","p__Firmicutes","c__Clostridia","o__Clostridia","f__Hungateiclostridiaceae","g__Ruminiclostridium","s__uncultured_bacterium"
"ASV164","d__Bacteria;p__Firmicutes;c__Clostridia;o__Oscillospirales;f__UCG-010;g__UCG-010;__","d__Bacteria","p__Firmicutes","c__Clostridia","o__Oscillospirales","f__UCG-010","g__UCG-010","__"
"ASV165","d__Bacteria;__;__;__;__;__;__","d__Bacteria","__","__","__","__","__","__"
"ASV166","d__Bacteria;p__Firmicutes;c__Clostridia;o__Peptostreptococcales-Tissierellales;f__Peptostreptococcaceae;__;__","d__Bacteria","p__Firmicutes","c__Clostridia","o__Peptostreptococcales-Tissierellales","f__Peptostreptococcaceae","__","__"
"ASV167","d__Bacteria;p__Firmicutes;c__Bacilli;o__Lactobacillales;f__Streptococcaceae;g__Lactococcus;s__uncultured_bacterium","d__Bacteria","p__Firmicutes","c__Bacilli","o__Lactobacillales","f__Streptococcaceae","g__Lactococcus","s__uncultured_bacterium"
"ASV168","d__Bacteria;p__Proteobacteria;c__Gammaproteobacteria;o__Enterobacterales;f__Erwiniaceae;g__Pantoea;s__Pantoea_ananatis","d__Bacteria","p__Proteobacteria","c__Gammaproteobacteria","o__Enterobacterales","f__Erwiniaceae","g__Pantoea","s__Pantoea_ananatis"
"ASV169","d__Bacteria;p__Firmicutes;c__Thermacetogenia;o__Thermacetogeniales;f__Thermacetogeniaceae;g__uncultured;s__uncultured_bacterium","d__Bacteria","p__Firmicutes","c__Thermacetogenia","o__Thermacetogeniales","f__Thermacetogeniaceae","g__uncultured","s__uncultured_bacterium"
"ASV170","d__Bacteria;p__Firmicutes;c__Clostridia;o__Clostridia;f__Gracilibacteraceae;g__Gracilibacter;__","d__Bacteria","p__Firmicutes","c__Clostridia","o__Clostridia","f__Gracilibacteraceae","g__Gracilibacter","__"
"ASV171","d__Archaea;p__Thermoplasmatota;c__Thermoplasmata;o__Methanomassiliicoccales;f__Methanomassiliicoccaceae;g__Methanomassiliicoccus;s__uncultured_archaeon","d__Archaea","p__Thermoplasmatota","c__Thermoplasmata","o__Methanomassiliicoccales","f__Methanomassiliicoccaceae","g__Methanomassiliicoccus","s__uncultured_archaeon"
"ASV172","d__Bacteria;p__Firmicutes;c__Clostridia;o__Lachnospirales;f__Lachnospiraceae;g__[Eubacterium]_oxidoreducens_group;s__uncultured_bacterium","d__Bacteria","p__Firmicutes","c__Clostridia","o__Lachnospirales","f__Lachnospiraceae","g__[Eubacterium]_oxidoreducens_group","s__uncultured_bacterium"
"ASV173","d__Bacteria;p__Firmicutes;c__Clostridia;o__Lachnospirales;f__Lachnospiraceae;g__[Ruminococcus]_torques_group;s__uncultured_bacterium","d__Bacteria","p__Firmicutes","c__Clostridia","o__Lachnospirales","f__Lachnospiraceae","g__[Ruminococcus]_torques_group","s__uncultured_bacterium"
"ASV174","d__Bacteria;p__Cyanobacteria;c__Cyanobacteriia;o__Leptolyngbyales;f__Leptolyngbyaceae;g__Leptolyngbya_PCC-6306;__","d__Bacteria","p__Cyanobacteria","c__Cyanobacteriia","o__Leptolyngbyales","f__Leptolyngbyaceae","g__Leptolyngbya_PCC-6306","__"
"ASV175","d__Bacteria;p__Firmicutes;c__Bacilli;o__Lactobacillales;f__Streptococcaceae;g__Lactococcus;__","d__Bacteria","p__Firmicutes","c__Bacilli","o__Lactobacillales","f__Streptococcaceae","g__Lactococcus","__"
"ASV176","d__Bacteria;p__Proteobacteria;c__Gammaproteobacteria;o__Enterobacterales;f__Erwiniaceae;g__Pantoea;s__Pantoea_agglomerans","d__Bacteria","p__Proteobacteria","c__Gammaproteobacteria","o__Enterobacterales","f__Erwiniaceae","g__Pantoea","s__Pantoea_agglomerans"
"ASV177","d__Bacteria;p__Cyanobacteria;c__Cyanobacteriia;o__Cyanobacteriales;f__Chroococcidiopsaceae;g__Chroococcidiopsis_SAG_2023;__","d__Bacteria","p__Cyanobacteria","c__Cyanobacteriia","o__Cyanobacteriales","f__Chroococcidiopsaceae","g__Chroococcidiopsis_SAG_2023","__"
"ASV178","d__Bacteria;p__Firmicutes;c__Clostridia;o__Oscillospirales;f__Ruminococcaceae;g__Caproiciproducens;__","d__Bacteria","p__Firmicutes","c__Clostridia","o__Oscillospirales","f__Ruminococcaceae","g__Caproiciproducens","__"
"ASV179","d__Bacteria;p__Actinobacteriota;c__Actinobacteria;o__Micrococcales;f__Microbacteriaceae;g__Curtobacterium;s__Curtobacterium_sp.","d__Bacteria","p__Actinobacteriota","c__Actinobacteria","o__Micrococcales","f__Microbacteriaceae","g__Curtobacterium","s__Curtobacterium_sp."
"ASV180","d__Bacteria;p__Firmicutes;c__Clostridia;o__Clostridiales;f__Clostridiaceae;g__Clostridium_sensu_stricto_18;__","d__Bacteria","p__Firmicutes","c__Clostridia","o__Clostridiales","f__Clostridiaceae","g__Clostridium_sensu_stricto_18","__"
"ASV181","d__Bacteria;p__Proteobacteria;c__Gammaproteobacteria;o__Burkholderiales;f__Sutterellaceae;g__Parasutterella;__","d__Bacteria","p__Proteobacteria","c__Gammaproteobacteria","o__Burkholderiales","f__Sutterellaceae","g__Parasutterella","__"
"ASV182","d__Bacteria;p__Firmicutes;c__Clostridia;o__Eubacteriales;__;__;__","d__Bacteria","p__Firmicutes","c__Clostridia","o__Eubacteriales","__","__","__"
"ASV183","d__Archaea;p__Halobacterota;c__Methanosarcinia;o__Methanosarciniales;f__Methanosarcinaceae;g__Methanosarcina;__","d__Archaea","p__Halobacterota","c__Methanosarcinia","o__Methanosarciniales","f__Methanosarcinaceae","g__Methanosarcina","__"
"ASV184","d__Bacteria;p__Actinobacteriota;c__Actinobacteria;o__Micrococcales;f__Dermabacteraceae;g__Brachybacterium;__","d__Bacteria","p__Actinobacteriota","c__Actinobacteria","o__Micrococcales","f__Dermabacteraceae","g__Brachybacterium","__"
"ASV185","d__Bacteria;p__Actinobacteriota;c__Actinobacteria;o__Micrococcales;f__Brevibacteriaceae;g__Brevibacterium;__","d__Bacteria","p__Actinobacteriota","c__Actinobacteria","o__Micrococcales","f__Brevibacteriaceae","g__Brevibacterium","__"
"ASV186","d__Bacteria;p__Firmicutes;c__Bacilli;o__Bacillales;f__Bacillaceae;g__Oceanobacillus;__","d__Bacteria","p__Firmicutes","c__Bacilli","o__Bacillales","f__Bacillaceae","g__Oceanobacillus","__"
"ASV187","d__Bacteria;p__Firmicutes;c__Clostridia;o__Lachnospirales;f__Lachnospiraceae;g__Lachnospiraceae_XPB1014_group;s__uncultured_bacterium","d__Bacteria","p__Firmicutes","c__Clostridia","o__Lachnospirales","f__Lachnospiraceae","g__Lachnospiraceae_XPB1014_group","s__uncultured_bacterium"
"ASV188","d__Bacteria;p__Actinobacteriota;c__Coriobacteriia;o__Coriobacteriales;f__Eggerthellaceae;__;__","d__Bacteria","p__Actinobacteriota","c__Coriobacteriia","o__Coriobacteriales","f__Eggerthellaceae","__","__"
"ASV189","d__Bacteria;p__Actinobacteriota;c__Actinobacteria;o__Streptomycetales;f__Streptomycetaceae;g__Streptomyces;__","d__Bacteria","p__Actinobacteriota","c__Actinobacteria","o__Streptomycetales","f__Streptomycetaceae","g__Streptomyces","__"
"ASV190","d__Bacteria;p__Actinobacteriota;c__Actinobacteria;o__Corynebacteriales;f__Mycobacteriaceae;g__Mycobacterium;__","d__Bacteria","p__Actinobacteriota","c__Actinobacteria","o__Corynebacteriales","f__Mycobacteriaceae","g__Mycobacterium","__"
"ASV191","d__Bacteria;p__Proteobacteria;c__Gammaproteobacteria;o__Pseudomonadales;f__Moraxellaceae;g__Acinetobacter;s__Acinetobacter_baumannii","d__Bacteria","p__Proteobacteria","c__Gammaproteobacteria","o__Pseudomonadales","f__Moraxellaceae","g__Acinetobacter","s__Acinetobacter_baumannii"
"ASV192","d__Bacteria;p__Actinobacteriota;c__Actinobacteria;o__Micrococcales;f__Micrococcaceae;g__Glutamicibacter;__","d__Bacteria","p__Actinobacteriota","c__Actinobacteria","o__Micrococcales","f__Micrococcaceae","g__Glutamicibacter","__"
"ASV193","d__Bacteria;p__Firmicutes;c__Negativicutes;o__Veillonellales-Selenomonadales;f__Sporomusaceae;__;__","d__Bacteria","p__Firmicutes","c__Negativicutes","o__Veillonellales-Selenomonadales","f__Sporomusaceae","__","__"
"ASV194","d__Bacteria;p__Proteobacteria;c__Alphaproteobacteria;o__Rhizobiales;f__Xanthobacteraceae;g__Afipia;__","d__Bacteria","p__Proteobacteria","c__Alphaproteobacteria","o__Rhizobiales","f__Xanthobacteraceae","g__Afipia","__"
"ASV195","d__Bacteria;p__Firmicutes;c__Bacilli;o__Erysipelotrichales;f__Erysipelatoclostridiaceae;g__Candidatus_Stoquefichus;__","d__Bacteria","p__Firmicutes","c__Bacilli","o__Erysipelotrichales","f__Erysipelatoclostridiaceae","g__Candidatus_Stoquefichus","__"
"ASV196","d__Bacteria;p__Firmicutes;c__Clostridia;o__Oscillospirales;f__Ruminococcaceae;g__Negativibacillus;s__uncultured_bacterium","d__Bacteria","p__Firmicutes","c__Clostridia","o__Oscillospirales","f__Ruminococcaceae","g__Negativibacillus","s__uncultured_bacterium"
"ASV197","d__Bacteria;p__Actinobacteriota;c__Actinobacteria;o__Micrococcales;f__Sanguibacteraceae;g__Sanguibacter;__","d__Bacteria","p__Actinobacteriota","c__Actinobacteria","o__Micrococcales","f__Sanguibacteraceae","g__Sanguibacter","__"
"ASV198","d__Bacteria;p__Proteobacteria;c__Alphaproteobacteria;o__Rhizobiales;f__Rhizobiaceae;g__Paenochrobactrum;__","d__Bacteria","p__Proteobacteria","c__Alphaproteobacteria","o__Rhizobiales","f__Rhizobiaceae","g__Paenochrobactrum","__"
"ASV199","d__Bacteria;p__Actinobacteriota;c__Actinobacteria;o__Micrococcales;f__Dermatophilaceae;__;__","d__Bacteria","p__Actinobacteriota","c__Actinobacteria","o__Micrococcales","f__Dermatophilaceae","__","__"
"ASV200","d__Bacteria;p__Firmicutes;c__Bacilli;o__Erysipelotrichales;f__Erysipelotrichaceae;__;__","d__Bacteria","p__Firmicutes","c__Bacilli","o__Erysipelotrichales","f__Erysipelotrichaceae","__","__"
"ASV201","d__Bacteria;p__Proteobacteria;c__Gammaproteobacteria;o__Enterobacterales;f__Erwiniaceae;g__Pantoea;__","d__Bacteria","p__Proteobacteria","c__Gammaproteobacteria","o__Enterobacterales","f__Erwiniaceae","g__Pantoea","__"
"ASV202","d__Bacteria;p__Proteobacteria;c__Alphaproteobacteria;o__Holosporales;f__Holosporaceae;g__uncultured;s__uncultured_bacterium","d__Bacteria","p__Proteobacteria","c__Alphaproteobacteria","o__Holosporales","f__Holosporaceae","g__uncultured","s__uncultured_bacterium"
"ASV203","d__Bacteria;p__Firmicutes;c__Clostridia;o__Clostridiales;f__Clostridiaceae;g__Clostridium_sensu_stricto_12;s__Clostridium_kluyveri","d__Bacteria","p__Firmicutes","c__Clostridia","o__Clostridiales","f__Clostridiaceae","g__Clostridium_sensu_stricto_12","s__Clostridium_kluyveri"
"ASV204","d__Bacteria;p__Cyanobacteria;c__Cyanobacteriia;o__Cyanobacteriales;f__Chroococcidiopsaceae;g__uncultured;s__uncultured_bacterium","d__Bacteria","p__Cyanobacteria","c__Cyanobacteriia","o__Cyanobacteriales","f__Chroococcidiopsaceae","g__uncultured","s__uncultured_bacterium"
"ASV205","d__Bacteria;p__Firmicutes;c__Bacilli;o__Thermoactinomycetales;f__Thermoactinomycetaceae;g__Kroppenstedtia;s__uncultured_Kroppenstedtia","d__Bacteria","p__Firmicutes","c__Bacilli","o__Thermoactinomycetales","f__Thermoactinomycetaceae","g__Kroppenstedtia","s__uncultured_Kroppenstedtia"
"ASV206","d__Bacteria;p__Chloroflexi;c__Chloroflexia;o__Thermomicrobiales;f__JG30-KF-CM45;g__JG30-KF-CM45;s__uncultured_bacterium","d__Bacteria","p__Chloroflexi","c__Chloroflexia","o__Thermomicrobiales","f__JG30-KF-CM45","g__JG30-KF-CM45","s__uncultured_bacterium"
"ASV207","d__Bacteria;p__Actinobacteriota;c__Actinobacteria;o__Propionibacteriales;f__Nocardioidaceae;__;__","d__Bacteria","p__Actinobacteriota","c__Actinobacteria","o__Propionibacteriales","f__Nocardioidaceae","__","__"
"ASV208","d__Bacteria;p__Firmicutes;c__Clostridia;o__Oscillospirales;f__Oscillospiraceae;g__Colidextribacter;__","d__Bacteria","p__Firmicutes","c__Clostridia","o__Oscillospirales","f__Oscillospiraceae","g__Colidextribacter","__"
"ASV209","d__Bacteria;p__Firmicutes;c__Clostridia;o__Oscillospirales;f__Ruminococcaceae;g__Negativibacillus;__","d__Bacteria","p__Firmicutes","c__Clostridia","o__Oscillospirales","f__Ruminococcaceae","g__Negativibacillus","__"
"ASV210","d__Bacteria;p__Firmicutes;c__Bacilli;o__Lactobacillales;f__Leuconostocaceae;g__Weissella;s__Weissella_paramesenteroides","d__Bacteria","p__Firmicutes","c__Bacilli","o__Lactobacillales","f__Leuconostocaceae","g__Weissella","s__Weissella_paramesenteroides"
"ASV211","d__Bacteria;p__Actinobacteriota;c__Actinobacteria;o__Frankiales;f__Sporichthyaceae;g__uncultured;s__uncultured_bacterium","d__Bacteria","p__Actinobacteriota","c__Actinobacteria","o__Frankiales","f__Sporichthyaceae","g__uncultured","s__uncultured_bacterium"
"ASV212","d__Bacteria;p__Proteobacteria;c__Gammaproteobacteria;o__Burkholderiales;f__Comamonadaceae;g__Comamonas;s__Comamonas_testosteroni","d__Bacteria","p__Proteobacteria","c__Gammaproteobacteria","o__Burkholderiales","f__Comamonadaceae","g__Comamonas","s__Comamonas_testosteroni"
"ASV213","d__Bacteria;p__Proteobacteria;c__Alphaproteobacteria;o__Rhizobiales;f__Rhizobiaceae;g__Ochrobactrum;__","d__Bacteria","p__Proteobacteria","c__Alphaproteobacteria","o__Rhizobiales","f__Rhizobiaceae","g__Ochrobactrum","__"
"ASV214","d__Bacteria;p__Firmicutes;c__Clostridia;o__Clostridiales;f__Clostridiaceae;__;__","d__Bacteria","p__Firmicutes","c__Clostridia","o__Clostridiales","f__Clostridiaceae","__","__"
"ASV215","d__Bacteria;p__Proteobacteria;c__Alphaproteobacteria;o__Rhizobiales;f__Rhizobiaceae;g__Allorhizobium-Neorhizobium-Pararhizobium-Rhizobium;s__Agrobacterium_radiobacter","d__Bacteria","p__Proteobacteria","c__Alphaproteobacteria","o__Rhizobiales","f__Rhizobiaceae","g__Allorhizobium-Neorhizobium-Pararhizobium-Rhizobium","s__Agrobacterium_radiobacter"
"ASV216","d__Bacteria;p__Actinobacteriota;c__Actinobacteria;o__Micrococcales;f__Microbacteriaceae;g__Leucobacter;s__uncultured_bacterium","d__Bacteria","p__Actinobacteriota","c__Actinobacteria","o__Micrococcales","f__Microbacteriaceae","g__Leucobacter","s__uncultured_bacterium"
"ASV217","d__Bacteria;p__Firmicutes;c__Clostridia;o__Peptostreptococcales-Tissierellales;f__Peptostreptococcaceae;g__Paeniclostridium;s__Paeniclostridium_sordellii","d__Bacteria","p__Firmicutes","c__Clostridia","o__Peptostreptococcales-Tissierellales","f__Peptostreptococcaceae","g__Paeniclostridium","s__Paeniclostridium_sordellii"
"ASV218","d__Bacteria;p__Firmicutes;__;__;__;__;__","d__Bacteria","p__Firmicutes","__","__","__","__","__"
"ASV219","d__Bacteria;p__Actinobacteriota;c__Actinobacteria;o__Corynebacteriales;f__Corynebacteriaceae;g__Corynebacterium;s__uncultured_bacterium","d__Bacteria","p__Actinobacteriota","c__Actinobacteria","o__Corynebacteriales","f__Corynebacteriaceae","g__Corynebacterium","s__uncultured_bacterium"
"ASV220","d__Bacteria;p__Actinobacteriota;c__Actinobacteria;o__Corynebacteriales;f__Nocardiaceae;g__Williamsia;__","d__Bacteria","p__Actinobacteriota","c__Actinobacteria","o__Corynebacteriales","f__Nocardiaceae","g__Williamsia","__"
"ASV221","d__Bacteria;p__Firmicutes;c__Clostridia;o__Christensenellales;f__Christensenellaceae;__;__","d__Bacteria","p__Firmicutes","c__Clostridia","o__Christensenellales","f__Christensenellaceae","__","__"
"ASV222","d__Bacteria;p__Firmicutes;c__Bacilli;o__Paenibacillales;f__Paenibacillaceae;g__Paenibacillus;s__Paenibacillus_sp.","d__Bacteria","p__Firmicutes","c__Bacilli","o__Paenibacillales","f__Paenibacillaceae","g__Paenibacillus","s__Paenibacillus_sp."
"ASV223","d__Bacteria;p__Actinobacteriota;c__Actinobacteria;o__Corynebacteriales;f__Mycobacteriaceae;g__Mycobacterium;s__uncultured_bacterium","d__Bacteria","p__Actinobacteriota","c__Actinobacteria","o__Corynebacteriales","f__Mycobacteriaceae","g__Mycobacterium","s__uncultured_bacterium"
"ASV224","d__Bacteria;p__Proteobacteria;c__Gammaproteobacteria;o__Enterobacterales;f__Enterobacteriaceae;g__Escherichia-Shigella;s__Escherichia_coli","d__Bacteria","p__Proteobacteria","c__Gammaproteobacteria","o__Enterobacterales","f__Enterobacteriaceae","g__Escherichia-Shigella","s__Escherichia_coli"
"ASV225","d__Bacteria;p__Firmicutes;c__Bacilli;o__Desulfuribacillales;f__Desulfuribacillaceae;g__Desulfuribacillus;__","d__Bacteria","p__Firmicutes","c__Bacilli","o__Desulfuribacillales","f__Desulfuribacillaceae","g__Desulfuribacillus","__"
"ASV226","d__Bacteria;p__Proteobacteria;c__Gammaproteobacteria;o__Enterobacterales;f__Yersiniaceae;__;__","d__Bacteria","p__Proteobacteria","c__Gammaproteobacteria","o__Enterobacterales","f__Yersiniaceae","__","__"
"ASV227","d__Bacteria;p__Deinococcota;c__Deinococci;o__Deinococcales;f__Deinococcaceae;g__Deinococcus;s__uncultured_bacterium","d__Bacteria","p__Deinococcota","c__Deinococci","o__Deinococcales","f__Deinococcaceae","g__Deinococcus","s__uncultured_bacterium"
"ASV228","d__Bacteria;p__Proteobacteria;c__Gammaproteobacteria;o__Pseudomonadales;f__Pseudomonadaceae;g__Pseudomonas;s__Pseudomonas_putida","d__Bacteria","p__Proteobacteria","c__Gammaproteobacteria","o__Pseudomonadales","f__Pseudomonadaceae","g__Pseudomonas","s__Pseudomonas_putida"
"ASV229","d__Bacteria;p__Proteobacteria;c__Gammaproteobacteria;o__Xanthomonadales;f__Xanthomonadaceae;g__Stenotrophomonas;s__Stenotrophomonas_maltophilia","d__Bacteria","p__Proteobacteria","c__Gammaproteobacteria","o__Xanthomonadales","f__Xanthomonadaceae","g__Stenotrophomonas","s__Stenotrophomonas_maltophilia"
"ASV230","d__Bacteria;p__Actinobacteriota;c__Actinobacteria;o__Streptosporangiales;f__Thermomonosporaceae;g__Actinomadura;__","d__Bacteria","p__Actinobacteriota","c__Actinobacteria","o__Streptosporangiales","f__Thermomonosporaceae","g__Actinomadura","__"
"ASV231","d__Bacteria;p__Actinobacteriota;c__Actinobacteria;o__Micromonosporales;f__Micromonosporaceae;g__Micromonospora;__","d__Bacteria","p__Actinobacteriota","c__Actinobacteria","o__Micromonosporales","f__Micromonosporaceae","g__Micromonospora","__"
"ASV232","d__Bacteria;p__Firmicutes;c__Limnochordia;o__Limnochordales;f__Limnochordaceae;g__Limnochordaceae;__","d__Bacteria","p__Firmicutes","c__Limnochordia","o__Limnochordales","f__Limnochordaceae","g__Limnochordaceae","__"
"ASV233","d__Bacteria;p__Proteobacteria;c__Gammaproteobacteria;o__Enterobacterales;f__Yersiniaceae;g__Serratia;__","d__Bacteria","p__Proteobacteria","c__Gammaproteobacteria","o__Enterobacterales","f__Yersiniaceae","g__Serratia","__"
"ASV234","d__Bacteria;p__Firmicutes;c__Negativicutes;o__Veillonellales-Selenomonadales;f__Sporomusaceae;g__Anaerospora;s__uncultured_bacterium","d__Bacteria","p__Firmicutes","c__Negativicutes","o__Veillonellales-Selenomonadales","f__Sporomusaceae","g__Anaerospora","s__uncultured_bacterium"
"ASV235","d__Bacteria;p__Firmicutes;c__Desulfotomaculia;o__Desulfotomaculales;f__Desulfotomaculales;g__Cryptanaerobacter;s__uncultured_bacterium","d__Bacteria","p__Firmicutes","c__Desulfotomaculia","o__Desulfotomaculales","f__Desulfotomaculales","g__Cryptanaerobacter","s__uncultured_bacterium"
"ASV236","d__Bacteria;p__Firmicutes;c__Dethiobacteria;o__Dethiobacterales;f__Dethiobacteraceae;g__uncultured;s__uncultured_bacterium","d__Bacteria","p__Firmicutes","c__Dethiobacteria","o__Dethiobacterales","f__Dethiobacteraceae","g__uncultured","s__uncultured_bacterium"
"ASV237","d__Bacteria;p__Actinobacteriota;c__Actinobacteria;o__Micrococcales;f__Micrococcaceae;g__Pseudarthrobacter;__","d__Bacteria","p__Actinobacteriota","c__Actinobacteria","o__Micrococcales","f__Micrococcaceae","g__Pseudarthrobacter","__"
"ASV238","d__Bacteria;p__Firmicutes;c__Clostridia;o__Lachnospirales;f__Lachnospiraceae;g__Lachnospiraceae_NC2004_group;s__uncultured_bacterium","d__Bacteria","p__Firmicutes","c__Clostridia","o__Lachnospirales","f__Lachnospiraceae","g__Lachnospiraceae_NC2004_group","s__uncultured_bacterium"
"ASV239","d__Bacteria;p__Firmicutes;c__uncultured;o__uncultured;f__uncultured;g__uncultured;s__uncultured_bacterium","d__Bacteria","p__Firmicutes","c__uncultured","o__uncultured","f__uncultured","g__uncultured","s__uncultured_bacterium"
"ASV240","d__Bacteria;p__Firmicutes;c__Bacilli;o__Erysipelotrichales;f__Erysipelatoclostridiaceae;g__Erysipelatoclostridium;__","d__Bacteria","p__Firmicutes","c__Bacilli","o__Erysipelotrichales","f__Erysipelatoclostridiaceae","g__Erysipelatoclostridium","__"
"ASV241","d__Bacteria;p__Proteobacteria;c__Gammaproteobacteria;o__Cardiobacteriales;f__Cardiobacteriaceae;g__Cardiobacterium;__","d__Bacteria","p__Proteobacteria","c__Gammaproteobacteria","o__Cardiobacteriales","f__Cardiobacteriaceae","g__Cardiobacterium","__"
"ASV242","d__Bacteria;p__Firmicutes;c__Clostridia;o__Oscillospirales;f__Oscillospiraceae;g__uncultured;__","d__Bacteria","p__Firmicutes","c__Clostridia","o__Oscillospirales","f__Oscillospiraceae","g__uncultured","__"
"ASV243","d__Bacteria;p__Firmicutes;c__Bacilli;o__Erysipelotrichales;__;__;__","d__Bacteria","p__Firmicutes","c__Bacilli","o__Erysipelotrichales","__","__","__"
"ASV244","d__Bacteria;p__Actinobacteriota;c__Actinobacteria;o__Micrococcales;f__Micrococcaceae;__;__","d__Bacteria","p__Actinobacteriota","c__Actinobacteria","o__Micrococcales","f__Micrococcaceae","__","__"
"ASV245","d__Bacteria;p__Firmicutes;c__Bacilli;o__Paenibacillales;f__Paenibacillaceae;g__Paenibacillus;s__Paenibacillus_barengoltzii","d__Bacteria","p__Firmicutes","c__Bacilli","o__Paenibacillales","f__Paenibacillaceae","g__Paenibacillus","s__Paenibacillus_barengoltzii"
"ASV246","d__Bacteria;p__Firmicutes;c__Bacilli;o__Lactobacillales;f__Streptococcaceae;g__Streptococcus;__","d__Bacteria","p__Firmicutes","c__Bacilli","o__Lactobacillales","f__Streptococcaceae","g__Streptococcus","__"
"ASV247","d__Bacteria;p__Proteobacteria;c__Gammaproteobacteria;o__Xanthomonadales;f__Xanthomonadaceae;g__Xanthomonas;__","d__Bacteria","p__Proteobacteria","c__Gammaproteobacteria","o__Xanthomonadales","f__Xanthomonadaceae","g__Xanthomonas","__"
"ASV248","d__Bacteria;p__Firmicutes;c__Clostridia;o__Oscillospirales;f__Ruminococcaceae;g__Ruminococcus;__","d__Bacteria","p__Firmicutes","c__Clostridia","o__Oscillospirales","f__Ruminococcaceae","g__Ruminococcus","__"
"ASV249","d__Bacteria;p__Actinobacteriota;c__Actinobacteria;o__Micromonosporales;f__Micromonosporaceae;g__Actinoplanes;__","d__Bacteria","p__Actinobacteriota","c__Actinobacteria","o__Micromonosporales","f__Micromonosporaceae","g__Actinoplanes","__"
"ASV250","d__Bacteria;p__Firmicutes;c__Clostridia;o__uncultured;f__uncultured;g__uncultured;__","d__Bacteria","p__Firmicutes","c__Clostridia","o__uncultured","f__uncultured","g__uncultured","__"
"ASV251","d__Bacteria;p__Proteobacteria;c__Alphaproteobacteria;o__Rhizobiales;f__Rhizobiaceae;__;__","d__Bacteria","p__Proteobacteria","c__Alphaproteobacteria","o__Rhizobiales","f__Rhizobiaceae","__","__"
"ASV252","d__Bacteria;p__Deinococcota;c__Deinococci;o__Deinococcales;f__Deinococcaceae;g__Deinococcus;s__Deinococcus_sp.","d__Bacteria","p__Deinococcota","c__Deinococci","o__Deinococcales","f__Deinococcaceae","g__Deinococcus","s__Deinococcus_sp."
"ASV253","d__Bacteria;p__Actinobacteriota;c__Actinobacteria;o__Pseudonocardiales;f__Pseudonocardiaceae;g__Pseudonocardia;s__uncultured_bacterium","d__Bacteria","p__Actinobacteriota","c__Actinobacteria","o__Pseudonocardiales","f__Pseudonocardiaceae","g__Pseudonocardia","s__uncultured_bacterium"
"ASV254","d__Bacteria;p__Proteobacteria;c__Alphaproteobacteria;o__Rhizobiales;f__Xanthobacteraceae;g__Bradyrhizobium;__","d__Bacteria","p__Proteobacteria","c__Alphaproteobacteria","o__Rhizobiales","f__Xanthobacteraceae","g__Bradyrhizobium","__"
"ASV255","d__Bacteria;p__Bacteroidota;c__Bacteroidia;o__Bacteroidales;f__Prevotellaceae;g__Prevotella;s__uncultured_bacterium","d__Bacteria","p__Bacteroidota","c__Bacteroidia","o__Bacteroidales","f__Prevotellaceae","g__Prevotella","s__uncultured_bacterium"
"ASV256","d__Bacteria;p__Proteobacteria;c__Alphaproteobacteria;o__Rhizobiales;f__Beijerinckiaceae;g__uncultured;__","d__Bacteria","p__Proteobacteria","c__Alphaproteobacteria","o__Rhizobiales","f__Beijerinckiaceae","g__uncultured","__"
"ASV257","d__Bacteria;p__Actinobacteriota;c__Actinobacteria;o__Micrococcales;f__Micrococcaceae;g__Arthrobacter;s__Arthrobacter_sp.","d__Bacteria","p__Actinobacteriota","c__Actinobacteria","o__Micrococcales","f__Micrococcaceae","g__Arthrobacter","s__Arthrobacter_sp."
"ASV258","d__Bacteria;p__Firmicutes;c__Clostridia;o__Clostridiales;f__Clostridiaceae;g__Clostridium_sensu_stricto_12;s__Clostridium_tyrobutyricum","d__Bacteria","p__Firmicutes","c__Clostridia","o__Clostridiales","f__Clostridiaceae","g__Clostridium_sensu_stricto_12","s__Clostridium_tyrobutyricum"
"ASV259","d__Bacteria;p__Firmicutes;c__Bacilli;o__Bacillales;f__Sporolactobacillaceae;g__Sporolactobacillus;__","d__Bacteria","p__Firmicutes","c__Bacilli","o__Bacillales","f__Sporolactobacillaceae","g__Sporolactobacillus","__"
"ASV260","d__Bacteria;p__Proteobacteria;c__Gammaproteobacteria;o__Xanthomonadales;f__Xanthomonadaceae;g__Stenotrophomonas;__","d__Bacteria","p__Proteobacteria","c__Gammaproteobacteria","o__Xanthomonadales","f__Xanthomonadaceae","g__Stenotrophomonas","__"
"ASV261","d__Bacteria;p__Acidobacteriota;c__Subgroup_22;o__Subgroup_22;f__Subgroup_22;g__Subgroup_22;s__uncultured_bacterium","d__Bacteria","p__Acidobacteriota","c__Subgroup_22","o__Subgroup_22","f__Subgroup_22","g__Subgroup_22","s__uncultured_bacterium"
"ASV262","d__Bacteria;p__Firmicutes;c__Bacilli;o__Lactobacillales;f__Streptococcaceae;g__Streptococcus;s__Streptococcus_uberis","d__Bacteria","p__Firmicutes","c__Bacilli","o__Lactobacillales","f__Streptococcaceae","g__Streptococcus","s__Streptococcus_uberis"
